<?xml version="1.0" encoding="UTF-8"?>
<!--UGC_VERSION = 1024-->
<XML_DOCUMENT xmlns:SOAP-ENC="http://schemas.xmlsoap.org/soap/encoding/">
    <PTC_HEADER>
        <VENDOR>Parametric Technology Corporation</VENDOR>
        <PRODUCT>Creo Parametric 4102023073</PRODUCT>
        <XML_VERSION>1.0</XML_VERSION>
        <HOST_NAME>DESKTOP-UT8N936</HOST_NAME>
        <USER>ostad</USER>
        <MACHINE_TYPE> AMD64 Family 23 Model 96 Stepping 1  AuthenticAMD  2895 MHz</MACHINE_TYPE>
    </PTC_HEADER>
    <zip_manifest_info pointer="TRUE" proe_version="2128" top_model_wname="CYLINDER1.PRT"/>
</XML_DOCUMENT>
